time_seconds,channel_1,channel_2,channel_3
0.001,277798,-150909,-428707
0.006,277952,-150463,-428415
0.011,277913,-150429,-428342
0.017,277716,-150894,-428610
0.021,277749,-150929,-428678
0.026,277918,-150486,-428404
0.031,277864,-150572,-428436
0.036,277802,-151181,-428983
0.041,278130,-151042,-429172
0.046,278747,-149755,-428502
0.051,279020,-148327,-427347
0.056,278800,-146885,-425685
0.061,278043,-144318,-422361
0.066,276992,-141263,-418255
0.071,275532,-140429,-415961
0.076,273956,-142879,-416835
0.081,272873,-145942,-418815
0.086,272409,-148509,-420918
0.092,273057,-150466,-423523
0.096,274523,-151387,-425910
0.101,275847,-151463,-427310
0.106,276851,-151017,-427868
0.111,277382,-150912,-428294
0.117,277515,-151324,-428839
0.121,277697,-151373,-429070
0.126,278010,-150896,-428906
0.131,278052,-150839,-428891
0.136,277948,-151241,-429189
0.141,278069,-151205,-429274
0.146,278315,-150673,-428988
0.151,278327,-150620,-428947
0.156,278155,-151103,-429258
0.161,278182,-151176,-429358
0.169,278358,-150761,-429119
0.169,278358,-150761,-429119
0.171,278335,-150725,-429060
0.176,278202,-151117,-429319
0.181,278310,-151082,-429392
0.186,278505,-150620,-429125
0.191,278483,-150601,-429084
0.196,278395,-151007,-429402
0.201,278531,-150926,-429457
0.206,278807,-150366,-429173
0.211,278836,-150268,-429104
0.216,278746,-150642,-429388
0.221,278889,-150599,-429488
0.226,279184,-150048,-429232
0.231,279266,-149920,-429186
0.236,279218,-150279,-429497
0.241,279386,-150223,-429609
0.246,279715,-149680,-429395
0.251,279838,-149542,-429380
0.256,279807,-149888,-429695
0.261,279975,-149791,-429766
0.266,280238,-149220,-429458
0.271,280344,-149041,-429385
0.276,280281,-149399,-429680
0.281,280374,-149347,-429721
0.286,280604,-148768,-429372
0.291,280597,-148617,-429214
0.296,280435,-148972,-429407
0.304,280459,-148956,-429415
0.304,280459,-148956,-429415
0.306,280594,-148433,-429027
0.314,280478,-148358,-428836
0.314,280478,-148358,-428836
0.319,280202,-148854,-429056
0.319,280202,-148854,-429056
0.323,280117,-148975,-429092
0.324,280117,-148975,-429092
0.326,280070,-148696,-428766
0.331,279766,-148867,-428633
0.336,279340,-149554,-428894
0.341,279149,-149857,-429006
0.346,279150,-149591,-428741
0.351,278980,-149660,-428640
0.356,278630,-150255,-428885
0.361,278474,-150503,-428977
0.366,278508,-150190,-428698
0.371,278369,-150244,-428613
0.376,278073,-150816,-428889
0.381,278060,-150936,-428996
0.386,278247,-150547,-428794
0.392,278200,-150550,-428750
0.396,277998,-151038,-429036
0.401,278049,-151084,-429133
0.406,278209,-150679,-428888
0.411,278153,-150680,-428833
0.417,277955,-151127,-429082
0.421,277988,-151166,-429154
0.426,278195,-150688,-428883
0.431,278209,-150610,-428819
0.436,278067,-151067,-429134
0.441,278129,-151126,-429255
0.446,278345,-150619,-428964
0.451,278351,-150512,-428863
0.456,278150,-150973,-429123
0.461,278155,-151033,-429188
0.466,278309,-150603,-428912
0.471,278237,-150579,-428816
0.476,278018,-151069,-429087
0.481,278059,-151146,-429205
0.486,278272,-150669,-428941
0.491,278226,-150597,-428823
0.496,278013,-151109,-429122
0.501,278005,-151246,-429251
0.506,278173,-150764,-428937
0.511,278156,-150685,-428841
0.519,277973,-151169,-429142
0.519,277973,-151169,-429142
0.521,277973,-151269,-429242
0.526,278112,-150841,-428953
0.531,278085,-150768,-428853
0.536,277885,-151220,-429105
0.541,277897,-151279,-429176
0.546,278077,-150831,-428908
0.552,278077,-150747,-428824
0.556,277931,-151172,-429103
0.561,277933,-151275,-429208
0.566,278081,-150880,-428961
0.571,278064,-150840,-428904
0.576,277891,-151302,-429193
0.581,277938,-151344,-429282
0.586,278150,-150863,-429013
0.591,278090,-150778,-428868
0.596,277859,-151263,-429122
0.601,277890,-151355,-429245
0.606,278072,-150892,-428964
0.611,278071,-150795,-428866
0.616,277925,-151235,-429160
0.621,277917,-151340,-429257
0.626,278088,-150895,-428983
0.631,278034,-150831,-428865
0.636,277834,-151299,-429133
0.641,277877,-151386,-429263
0.646,278051,-150932,-428983
0.651,278022,-150875,-428897
0.656,277867,-151315,-429182
0.661,277918,-151363,-429281
0.669,278107,-150905,-429012
0.669,278107,-150905,-429012
0.674,278104,-150824,-428928
0.674,278104,-150824,-428928
0.679,277936,-151271,-429207
0.679,277936,-151271,-429207
0.684,277952,-151351,-429303
0.684,277952,-151351,-429303
0.686,278119,-150928,-429047
0.691,278068,-150868,-428936
0.696,277870,-151329,-429199
0.701,277928,-151373,-429301
0.706,278157,-150872,-429029
0.711,278100,-150824,-428924
0.716,277879,-151309,-429188
0.721,277931,-151359,-429290
0.726,278137,-150915,-429052
0.731,278083,-150871,-428954
0.736,277886,-151353,-429239
0.741,277898,-151457,-429355
0.746,278082,-150986,-429068
0.751,278087,-150879,-428966
0.756,277919,-151307,-429226
0.761,277927,-151429,-429356
0.766,278122,-150987,-429109
0.771,278106,-150904,-429010
0.776,277929,-151340,-429269
0.781,277995,-151397,-429392
0.786,278195,-150895,-429090
0.791,278164,-150802,-428966
0.796,277996,-151272,-429268
0.801,278054,-151347,-429401
0.806,278237,-150884,-429121
0.811,278205,-150770,-428975
0.816,278011,-151189,-429200
0.821,278012,-151290,-429302
0.826,278183,-150849,-429032
0.831,278293,-150552,-428845
0.836,278370,-150650,-429020
0.842,278511,-150616,-429127
0.846,278665,-150184,-428849
0.851,278559,-150118,-428677
0.856,278260,-150717,-428977
0.861,278222,-150914,-429136
0.866,278422,-150555,-428977
0.871,278405,-150588,-428993
0.876,278206,-151084,-429290
0.881,278213,-151213,-429426
0.886,278356,-150846,-429202
0.891,278256,-150884,-429140
0.896,277985,-151482,-429467
0.901,278009,-151607,-429616
0.906,278172,-151163,-429335
0.911,278109,-151087,-429196
0.917,277904,-151537,-429441
0.921,277937,-151619,-429556
0.926,278142,-151150,-429292
0.931,278135,-151007,-429142
0.936,277953,-151445,-429398
0.941,277960,-151582,-429542
0.946,278127,-151160,-429287
0.951,278117,-151095,-429212
0.956,278001,-151632,-429633
0.961,278253,-151755,-430008
0.966,278815,-150860,-429675
0.971,279174,-149579,-428753
0.976,279062,-148274,-427336
0.981,278416,-145973,-424389
0.986,277426,-142729,-420155
0.991,276053,-140934,-416987
0.996,274516,-142432,-416948
1.001,273506,-145407,-418913
1.006,272977,-147846,-420823
1.011,273202,-150027,-423229
1.016,274567,-151398,-425965
1.021,276014,-151677,-427691
1.026,277106,-151298,-428404
1.033,277691,-151196,-428887
1.034,277691,-151196,-428887
1.036,277903,-151588,-429491
1.043,278150,-151622,-429772
1.044,278150,-151622,-429772
1.046,278480,-151157,-429637
1.051,278553,-151058,-429611
1.056,278439,-151527,-429966
1.061,278511,-151602,-430113
1.066,278738,-151137,-429875
1.071,278752,-151033,-429785
1.076,278639,-151431,-430070
1.081,278699,-151500,-430199
1.086,278879,-151025,-429904
1.091,278927,-150878,-429805
1.096,278801,-151270,-430071
1.101,278876,-151336,-430212
1.106,279151,-150866,-430017
1.111,279196,-150705,-429901
1.116,279044,-151110,-430154
1.121,279098,-151175,-430273
1.126,279369,-150631,-430000
1.131,279484,-150410,-429894
1.136,279391,-150791,-430182
1.141,279495,-150840,-430335
1.146,279814,-150298,-430112
1.151,279920,-150087,-430007
1.156,279860,-150451,-430311
1.161,279979,-150519,-430498
1.166,280327,-149956,-430283
1.171,280503,-149668,-430171
1.176,280464,-149985,-430449
1.181,280618,-149978,-430596
1.186,280967,-149417,-430384
1.191,281127,-149146,-430273
1.196,281091,-149431,-430522
1.201,281200,-149399,-430599
1.206,281463,-148840,-430303
1.211,281472,-148656,-430128
1.216,281282,-149019,-430301
1.221,281268,-149098,-430366
1.228,281413,-148621,-430034
1.229,281413,-148621,-430034
1.231,281347,-148475,-429822
1.236,281083,-148900,-429983
1.241,280968,-149056,-430024
1.246,280983,-148749,-429732
1.251,280808,-148791,-429599
1.256,280385,-149448,-429833
1.261,280129,-149773,-429902
1.266,280081,-149522,-429603
1.271,279883,-149575,-429458
1.276,279507,-150190,-429697
1.281,279344,-150470,-429814
1.286,279334,-150233,-429567
1.291,279150,-150270,-429420
1.296,278851,-150799,-429650
1.301,278768,-151017,-429785
1.306,278874,-150681,-429555
1.311,278835,-150599,-429434
1.316,278640,-151046,-429686
1.321,278647,-151146,-429793
1.326,278859,-150668,-429527
1.331,278850,-150558,-429408
1.336,278626,-151052,-429678
1.341,278619,-151216,-429835
1.346,278830,-150767,-429597
1.351,278819,-150635,-429454
1.356,278634,-151032,-429666
1.361,278659,-151133,-429792
1.368,278871,-150677,-429548
1.368,278871,-150677,-429548
1.371,278902,-150520,-429422
1.378,278718,-150930,-429648
1.378,278718,-150930,-429648
1.383,278729,-151043,-429772
1.383,278729,-151043,-429772
1.388,278905,-150607,-429512
1.388,278905,-150607,-429512
1.391,278883,-150472,-429355
1.398,278719,-150877,-429596
1.398,278719,-150877,-429596
1.401,278728,-151017,-429745
1.406,278917,-150598,-429515
1.411,278902,-150491,-429393
1.417,278668,-150956,-429624
1.421,278603,-151138,-429741
1.426,278751,-150719,-429470
1.431,278747,-150568,-429315
1.436,278555,-151006,-429561
1.441,278525,-151178,-429703
1.446,278694,-150760,-429454
1.451,278688,-150631,-429319
1.456,278462,-151077,-429539
1.461,278430,-151212,-429642
1.466,278649,-150756,-429405
1.471,278657,-150619,-429276
1.476,278408,-151110,-429518
1.481,278350,-151300,-429650
1.486,278524,-150849,-429373
1.491,278575,-150642,-429217
1.496,278414,-151072,-429486
1.501,278370,-151286,-429656
1.506,278536,-150860,-429396
1.511,278552,-150692,-429244
1.516,278383,-151107,-429490
1.521,278379,-151263,-429642
1.526,278551,-150859,-429410
1.531,278604,-150671,-429275
1.536,278476,-151052,-429528
1.541,278514,-151179,-429693
1.546,278673,-150778,-429451
1.551,278629,-150647,-429276
1.556,278415,-151066,-429481
1.561,278436,-151207,-429643
1.566,278609,-150800,-429409
1.571,278653,-150602,-429255
1.576,278495,-151004,-429499
1.581,278475,-151164,-429639
1.589,278665,-150723,-429388
1.589,278665,-150723,-429388
1.591,278654,-150578,-429232
1.596,278472,-151005,-429477
1.601,278467,-151157,-429624
1.606,278672,-150682,-429354
1.611,278719,-150485,-429204
1.616,278534,-150930,-429464
1.621,278509,-151093,-429602
1.626,278716,-150637,-429353
1.631,278772,-150440,-429212
1.636,278612,-150847,-429459
1.641,278610,-151001,-429611
1.646,278800,-150559,-429359
1.651,278840,-150360,-429200
1.656,278648,-150787,-429435
1.661,278593,-151029,-429622
1.666,278742,-150626,-429368
1.671,278808,-150401,-429209
1.676,278657,-150801,-429458
1.681,278661,-150969,-429630
1.686,278873,-150551,-429424
1.691,278904,-150377,-429281
1.696,278693,-150825,-429518
1.701,278588,-151069,-429657
1.706,278726,-150678,-429404
1.711,278753,-150478,-429231
1.719,278567,-150880,-429447
1.719,278567,-150880,-429447
1.721,278562,-151048,-429610
1.726,278760,-150614,-429374
1.733,278765,-150442,-429207
1.734,278765,-150442,-429207
1.738,278591,-150829,-429420
1.738,278591,-150829,-429420
1.744,278636,-150945,-429581
1.744,278636,-150945,-429581
1.748,278838,-150515,-429353
1.748,278838,-150515,-429353
1.751,278836,-150316,-429152
1.756,278697,-150674,-429371
1.761,278728,-150794,-429522
1.766,278919,-150321,-429240
1.771,278996,-150009,-429005
1.776,279013,-150133,-429146
1.781,279227,-150035,-429262
1.786,279435,-149589,-429024
1.791,279306,-149526,-428832
1.796,278998,-150084,-429082
1.801,278913,-150377,-429290
1.806,279079,-150052,-429131
1.811,279137,-149966,-429103
1.816,278956,-150436,-429392
1.821,278942,-150600,-429542
1.827,279107,-150243,-429350
1.831,279011,-150209,-429220
1.836,278736,-150759,-429495
1.841,278651,-151016,-429667
1.846,278794,-150657,-429451
1.852,278774,-150503,-429277
1.856,278562,-150929,-429491
1.861,278566,-151103,-429669
1.866,278799,-150617,-429416
1.871,278844,-150392,-429236
1.876,278650,-150819,-429469
1.881,278653,-150984,-429637
1.886,278871,-150536,-429407
1.891,278868,-150400,-429268
1.896,278739,-150920,-429659
1.901,278978,-151138,-430116
1.906,279600,-150250,-429850
1.911,279975,-148870,-428845
1.916,279772,-147650,-427422
1.921,279082,-145506,-424588
1.926,278078,-142285,-420363
1.931,276739,-140342,-417081
1.936,275292,-141545,-416837
1.941,274385,-144347,-418732
1.946,273921,-146642,-420563
1.951,274163,-148629,-422792
1.956,275537,-150023,-425560
1.961,276951,-150527,-427478
1.966,277981,-150292,-428273
1.971,278579,-150146,-428725
1.976,278802,-150560,-429362
1.981,278981,-150775,-429756
1.986,279288,-150366,-429654
1.991,279454,-150120,-429574
1.996,279415,-150453,-429868
2.001,279482,-150637,-430119
2.006,279692,-150214,-429906
2.011,279758,-149989,-429747
2.016,279635,-150370,-430005
2.021,279643,-150539,-430182
2.026,279837,-150100,-429937
2.031,279930,-149840,-429770
2.036,279840,-150204,-430044
2.041,279870,-150353,-430223
2.046,280130,-149900,-430030
2.051,280221,-149666,-429887
2.056,280088,-150005,-430093
2.061,280143,-150142,-430285
2.066,280435,-149645,-430080
2.071,280537,-149374,-429911
2.076,280419,-149723,-430142
2.081,280511,-149845,-430356
2.086,280849,-149337,-430186
2.091,280995,-149056,-430051
2.098,280933,-149378,-430311
2.099,280933,-149378,-430311
2.101,281066,-149478,-430544
2.109,281408,-148966,-430374
2.109,281408,-148966,-430374
2.111,281603,-148637,-430240
2.116,281619,-148911,-430530
2.121,281751,-148996,-430747
2.126,282142,-148413,-430555
2.131,282381,-147997,-430378
2.136,282338,-148250,-430588
2.141,282401,-148314,-430715
2.146,282716,-147742,-430458
2.151,282809,-147410,-430219
2.156,282616,-147748,-430364
2.161,282614,-147882,-430496
2.166,282778,-147455,-430233
2.171,282715,-147266,-429981
2.176,282436,-147673,-430109
2.181,282293,-147903,-430196
2.186,282328,-147577,-429905
2.192,282126,-147511,-429637
2.196,281726,-148071,-429797
2.201,281494,-148423,-429917
2.206,281437,-148210,-429647
2.211,281180,-148233,-429413
2.216,280762,-148826,-429588
2.221,280575,-149178,-429753
2.226,280589,-148936,-429525
2.231,280507,-148806,-429313
2.236,280265,-149258,-429523
2.241,280170,-149543,-429713
2.246,280238,-149269,-429507
2.251,280190,-149149,-429339
2.256,280023,-149533,-429556
2.261,280020,-149709,-429729
2.266,280167,-149352,-429519
2.271,280213,-149145,-429358
2.276,280107,-149493,-429600
2.281,280088,-149678,-429766
2.286,280249,-149280,-429529
2.291,280307,-149030,-429337
2.296,280152,-149412,-429564
2.301,280073,-149669,-429742
2.306,280223,-149281,-429504
2.311,280237,-149099,-429336
2.319,280037,-149481,-429518
2.319,280037,-149481,-429518
2.321,280008,-149646,-429654
2.328,280220,-149181,-429401
2.329,280220,-149181,-429401
2.331,280310,-148902,-429212
2.336,280150,-149294,-429444
2.341,280123,-149508,-429631
2.346,280264,-149159,-429423
2.351,280273,-148981,-429254
2.356,280107,-149377,-429484
2.361,280067,-149588,-429655
2.366,280238,-149220,-429458
2.371,280265,-148993,-429258
2.376,280047,-149406,-429453
2.381,279995,-149623,-429618
2.386,280186,-149217,-429403
2.391,280222,-149016,-429238
2.396,279997,-149432,-429429
2.401,279914,-149679,-429593
2.406,280096,-149257,-429353
2.411,280129,-149004,-429133
2.416,279900,-149431,-429331
2.421,279894,-149659,-429553
2.426,280099,-149253,-429352
2.431,280113,-149033,-429146
2.439,279940,-149413,-429353
2.439,279940,-149413,-429353
2.444,279934,-149589,-429523
2.444,279934,-149589,-429523
2.448,280145,-149154,-429299
2.449,280145,-149154,-429299
2.454,280186,-148917,-429103
2.454,280186,-148917,-429103
2.458,279989,-149321,-429310
2.459,279989,-149321,-429310
2.461,279943,-149602,-429545
2.466,280106,-149263,-429369
2.471,280125,-149049,-429174
2.476,279953,-149428,-429381
2.481,279958,-149620,-429578
2.486,280207,-149175,-429382
2.491,280280,-148909,-429189
2.496,280115,-149317,-429432
2.501,280068,-149588,-429656
2.506,280241,-149187,-429428
2.511,280304,-148930,-429234
2.516,280108,-149337,-429445
2.521,280046,-149565,-429611
2.526,280251,-149143,-429394
2.531,280307,-148876,-429183
2.536,280094,-149273,-429367
2.541,280023,-149551,-429574
2.546,280207,-149156,-429363
2.551,280260,-148922,-429182
2.556,280110,-149305,-429415
2.561,280070,-149530,-429600
2.566,280241,-149147,-429388
2.571,280298,-148918,-429216
2.576,280105,-149299,-429404
2.581,280025,-149524,-429549
2.586,280196,-149141,-429337
2.591,280264,-148885,-429149
2.596,280087,-149280,-429367
2.601,280036,-149567,-429603
2.606,280239,-149149,-429388
2.611,280322,-148838,-429160
2.616,280154,-149211,-429365
2.621,280067,-149482,-429549
2.626,280228,-149102,-429330
2.631,280282,-148839,-429121
2.636,280114,-149225,-429339
2.641,280040,-149532,-429572
2.646,280160,-149220,-429380
2.651,280224,-148937,-429161
2.658,280098,-149268,-429366
2.659,280098,-149268,-429366
2.661,280041,-149531,-429572
2.666,280224,-149157,-429381
2.674,280309,-148888,-429197
2.674,280309,-148888,-429197
2.676,280169,-149251,-429420
2.681,280135,-149475,-429610
2.686,280285,-149060,-429345
2.691,280349,-148759,-429108
2.696,280196,-149129,-429325
2.701,280171,-149307,-429478
2.706,280480,-148663,-429143
2.711,280749,-148094,-428843
2.716,280704,-148373,-429077
2.721,280619,-148663,-429282
2.726,280636,-148410,-429046
2.731,280554,-148305,-428859
2.736,280293,-148817,-429110
2.741,280252,-149156,-429408
2.746,280456,-148826,-429282
2.751,280503,-148600,-429103
2.756,280278,-149059,-429337
2.761,280098,-149440,-429538
2.766,280169,-149207,-429376
2.771,280170,-149032,-429202
2.776,279947,-149489,-429436
2.781,279892,-149778,-429670
2.786,280061,-149389,-429450
2.791,280130,-149127,-429257
2.798,279914,-149574,-429488
2.798,279914,-149574,-429488
2.803,279843,-149867,-429710
2.803,279843,-149867,-429710
2.808,280017,-149480,-429497
2.808,280017,-149480,-429497
2.811,280021,-149260,-429281
2.818,279817,-149682,-429499
2.819,279817,-149682,-429499
2.821,279742,-149969,-429711
2.826,279939,-149654,-429593
2.831,280163,-149468,-429631
2.836,280318,-149736,-430054
2.841,280644,-149279,-429923
2.846,281083,-147575,-428658
2.851,281041,-145481,-426522
2.856,279949,-143325,-423274
2.861,278638,-140984,-419622
2.866,277386,-139620,-417006
2.871,276176,-141180,-417356
2.876,275036,-144506,-419542
2.881,274378,-147570,-421948
2.886,275314,-148997,-424311
2.891,277098,-149234,-426332
2.896,278192,-149724,-427916
2.901,278936,-150059,-428995
2.906,279658,-149721,-429379
2.911,280053,-149460,-429513
2.917,280077,-149814,-429891
2.921,280102,-150092,-430194
2.926,280302,-149771,-430073
2.931,280361,-149541,-429902
2.936,280239,-149917,-430156
2.941,280286,-150125,-430411
2.946,280541,-149694,-430235
2.951,280608,-149438,-430046
2.956,280435,-149795,-430230
2.961,280452,-149979,-430431
2.966,280719,-149558,-430277
2.971,280802,-149304,-430106
2.976,280660,-149669,-430329
2.981,280678,-149874,-430552
2.986,280928,-149460,-430388
2.991,281037,-149171,-430208
2.996,280938,-149478,-430416
3.001,280961,-149690,-430651
3.006,281247,-149268,-430515
3.011,281416,-148925,-430341
3.016,281331,-149222,-430553
3.021,281366,-149414,-430780
3.026,281654,-148961,-430615
3.031,281816,-148635,-430451
3.036,281766,-148927,-430693
3.041,281861,-149124,-430985
3.046,282209,-148669,-430878
3.051,282416,-148342,-430758
3.056,282420,-148596,-431016
3.061,282530,-148716,-431246
3.066,282823,-148199,-431022
3.071,282973,-147786,-430759
3.076,282881,-148031,-430912
3.081,282868,-148206,-431074
3.086,283109,-147701,-430810
3.091,283216,-147276,-430492
3.096,282995,-147572,-430567
3.101,282878,-147836,-430714
3.106,283013,-147450,-430463
3.111,282975,-147225,-430200
3.116,282590,-147802,-430392
3.121,282280,-148240,-430520
3.126,282200,-148018,-430218
3.131,281994,-147966,-429960
3.136,281536,-148602,-430138
3.141,281195,-149121,-430316
3.146,281139,-148937,-430076
3.151,281009,-148812,-429821
3.156,280666,-149345,-430011
3.161,280443,-149783,-430226
3.166,280498,-149549,-430047
3.171,280434,-149415,-429849
3.176,280135,-149910,-430045
3.181,280030,-150189,-430219
3.186,280176,-149859,-430035
3.191,280212,-149630,-429842
3.196,280033,-150006,-430039
3.201,279972,-150289,-430261
3.206,280091,-149964,-430055
3.211,280124,-149717,-429841
3.216,279959,-150062,-430021
3.221,279921,-150306,-430227
3.226,280069,-149973,-430042
3.231,280110,-149787,-429897
3.236,279942,-150172,-430114
3.241,279884,-150444,-430328
3.246,280023,-150118,-430141
3.251,280060,-149865,-429925
3.256,279895,-150201,-430096
3.261,279837,-150451,-430288
3.267,280039,-150056,-430095
3.271,280106,-149788,-429894
3.276,279923,-150166,-430089
3.281,279860,-150444,-430304
3.286,280000,-150077,-430077
3.291,280031,-149819,-429850
3.296,279825,-150238,-430063
3.301,279700,-150583,-430283
3.306,279826,-150231,-430057
3.311,279886,-149926,-429812
3.316,279752,-150246,-429998
3.323,279694,-150516,-430210
3.324,279694,-150516,-430210
3.328,279822,-150192,-430014
3.329,279822,-150192,-430014
3.331,279826,-149991,-429817
3.336,279639,-150370,-430009
3.341,279549,-150641,-430190
3.348,279686,-150280,-429966
3.348,279686,-150280,-429966
3.351,279721,-150038,-429759
3.356,279553,-150425,-429978
3.361,279483,-150709,-430192
3.366,279633,-150378,-430011
3.371,279622,-150159,-429781
3.376,279416,-150558,-429974
3.381,279371,-150834,-430205
3.386,279557,-150472,-430029
3.392,279638,-150208,-429846
3.396,279471,-150592,-430063
3.401,279422,-150844,-430266
3.406,279604,-150440,-430044
3.411,279656,-150171,-429827
3.416,279467,-150578,-430045
3.421,279373,-150917,-430290
3.426,279566,-150546,-430112
3.431,279678,-150194,-429872
3.436,279557,-150517,-430074
3.441,279484,-150848,-430332
3.446,279629,-150552,-430181
3.451,279638,-150323,-429961
3.456,279395,-150718,-430113
3.461,279266,-151027,-430293
3.466,279418,-150685,-430103
3.471,279457,-150440,-429897
3.476,279226,-150874,-430100
3.481,279194,-151136,-430330
3.486,279420,-150712,-430132
3.491,279478,-150417,-429895
3.496,279311,-150780,-430091
3.501,279251,-151072,-430323
3.506,279445,-150698,-430143
3.511,279554,-150389,-429943
3.516,279373,-150764,-430137
3.521,279280,-151068,-430348
3.526,279417,-150749,-430166
3.531,279503,-150498,-430001
3.536,279334,-150884,-430218
3.541,279303,-151110,-430413
3.546,279528,-150684,-430212
3.551,279572,-150421,-429993
3.556,279356,-150826,-430182
3.561,279255,-151175,-430430
3.566,279407,-150849,-430256
3.571,279485,-150567,-430052
3.576,279366,-150864,-430230
3.581,279353,-151094,-430447
3.586,279511,-150733,-430244
3.591,279521,-150445,-429966
3.596,279362,-150750,-430112
3.601,279379,-150910,-430289
3.606,279587,-150472,-430059
3.611,279712,-150030,-429742
3.616,279699,-150135,-429834
3.621,279751,-150291,-430042
3.626,279906,-149949,-429855
3.631,279868,-149752,-429620
3.636,279565,-150278,-429843
3.641,279395,-150716,-430111
3.646,279553,-150459,-430012
3.651,279626,-150272,-429898
3.656,279464,-150642,-430106
3.661,279408,-150935,-430343
3.666,279500,-150694,-430194
3.671,279496,-150538,-430034
3.676,279264,-151007,-430271
3.681,279125,-151379,-430504
3.686,279294,-151010,-430304
3.691,279345,-150726,-430071
3.696,279137,-151121,-430258
3.703,279053,-151433,-430486
3.704,279053,-151433,-430486
3.708,279261,-151054,-430315
3.709,279261,-151054,-430315
3.711,279343,-150771,-430114
3.716,279155,-151133,-430288
3.721,279057,-151426,-430483
3.726,279207,-151111,-430318
3.731,279265,-150884,-430149
3.736,279232,-151292,-430524
3.741,279443,-151530,-430973
3.746,279997,-150531,-430528
3.751,280364,-148911,-429275
3.756,280130,-147415,-427545
3.761,279197,-145190,-424387
3.766,278088,-142171,-420259
3.771,276721,-140733,-417454
3.776,275231,-142748,-417979
3.781,274240,-145981,-420221
3.786,273887,-148526,-422413
3.791,274622,-150252,-424874
3.796,276122,-151170,-427292
3.801,277378,-151491,-428869
3.806,278364,-151160,-429524
3.811,278988,-150853,-429841
3.816,279167,-151150,-430317
3.821,279286,-151436,-430722
3.826,279506,-151154,-430660
3.831,279615,-150887,-430502
3.836,279497,-151226,-430723
3.841,279480,-151480,-430960
3.846,279706,-151066,-430772
3.851,279856,-150719,-430575
3.856,279731,-151062,-430793
3.861,279674,-151360,-431034
3.866,279881,-151007,-430888
3.871,279990,-150699,-430689
3.876,279829,-151045,-430874
3.881,279763,-151326,-431089
3.886,279966,-150945,-430911
3.891,280120,-150596,-430716
3.896,280034,-150844,-430878
3.901,280020,-151042,-431062
3.906,280278,-150617,-430895
3.911,280445,-150233,-430678
3.916,280399,-150469,-430868
3.921,280428,-150689,-431117
3.926,280705,-150270,-430975
3.931,280897,-149880,-430777
3.936,280841,-150138,-430979
3.941,280876,-150394,-431270
3.946,281190,-149989,-431179
3.951,281423,-149578,-431001
3.956,281380,-149839,-431219
3.961,281444,-150024,-431468
3.966,281781,-149514,-431295
3.971,282023,-149063,-431086
3.976,281998,-149274,-431272
3.981,282005,-149448,-431453
3.986,282231,-149002,-431233
3.991,282370,-148574,-430944
3.996,282198,-148818,-431016
4.001,282067,-149102,-431169
4.006,282151,-148779,-430930
4.011,282138,-148481,-430619
4.016,281849,-148880,-430729
4.021,281630,-149299,-430929
4.026,281623,-149059,-430682
4.031,281485,-148892,-430377
4.036,281079,-149458,-430537
4.041,280778,-149963,-430741
4.048,280713,-149795,-430508
4.048,280713,-149795,-430508
4.054,280529,-149692,-430221
4.054,280529,-149692,-430221
4.058,280154,-150220,-430374
4.059,280154,-150220,-430374
4.061,279896,-150665,-430561
4.067,279905,-150448,-430353
4.071,279856,-150253,-430109
4.076,279607,-150680,-430287
4.081,279425,-151118,-430543
4.086,279522,-150842,-430364
4.091,279584,-150528,-430112
4.096,279423,-150855,-430278
4.101,279308,-151204,-430512
4.106,279458,-150910,-430368
4.111,279547,-150610,-430157
4.117,279330,-150972,-430302
4.121,279266,-151259,-430525
4.126,279466,-150895,-430361
4.131,279557,-150555,-430112
4.136,279403,-150873,-430276
4.141,279333,-151162,-430495
4.146,279545,-150771,-430316
4.151,279636,-150443,-430079
4.156,279442,-150769,-430211
4.161,279385,-151036,-430421
4.166,279593,-150664,-430257
4.171,279689,-150343,-430032
4.176,279510,-150691,-430201
4.181,279418,-150997,-430415
4.186,279584,-150691,-430275
4.191,279650,-150434,-430084
4.196,279413,-150803,-430216
4.201,279303,-151116,-430419
4.206,279478,-150767,-430245
4.211,279594,-150417,-430011
4.216,279425,-150760,-430185
4.221,279304,-151117,-430421
4.226,279478,-150785,-430263
4.231,279554,-150484,-430038
4.236,279371,-150810,-430181
4.241,279330,-151090,-430420
4.246,279527,-150735,-430262
4.251,279602,-150430,-430032
4.256,279389,-150809,-430198
4.263,279230,-151195,-430425
4.264,279230,-151195,-430425
4.266,279384,-150871,-430255
4.271,279506,-150501,-430007
4.276,279331,-150808,-430139
4.281,279206,-151175,-430381
4.286,279341,-150883,-430224
4.291,279440,-150538,-429978
4.296,279295,-150875,-430170
4.301,279243,-151182,-430425
4.306,279480,-150786,-430266
4.311,279588,-150422,-430010
4.316,279403,-150770,-430173
4.321,279325,-151103,-430428
4.326,279466,-150798,-430264
4.331,279522,-150532,-430054
4.336,279375,-150866,-430241
4.341,279289,-151154,-430443
4.346,279436,-150825,-430261
4.351,279524,-150509,-430033
4.356,279367,-150841,-430208
4.361,279263,-151138,-430401
4.366,279396,-150839,-430235
4.371,279498,-150518,-430016
4.376,279346,-150832,-430178
4.383,279262,-151132,-430394
4.384,279262,-151132,-430394
4.386,279454,-150794,-430248
4.391,279553,-150485,-430038
4.396,279386,-150818,-430204
4.403,279299,-151129,-430428
4.404,279299,-151129,-430428
4.406,279411,-150862,-430273
4.411,279471,-150542,-430013
4.418,279312,-150843,-430155
4.419,279312,-150843,-430155
4.421,279261,-151114,-430375
4.426,279492,-150709,-430201
4.431,279613,-150339,-429952
4.436,279468,-150651,-430119
4.441,279361,-151000,-430361
4.446,279519,-150659,-430178
4.451,279616,-150328,-429944
4.456,279440,-150695,-430135
4.461,279375,-150994,-430369
4.466,279525,-150661,-430186
4.471,279632,-150344,-429976
4.476,279567,-150605,-430172
4.481,279516,-150840,-430356
4.486,279637,-150501,-430138
4.491,279739,-150119,-429858
4.496,279619,-150373,-429992
4.501,279559,-150629,-430188
4.506,279763,-150192,-429955
4.511,280029,-149609,-429638
4.516,280062,-149722,-429784
4.521,280054,-149945,-429999
4.526,280154,-149652,-429806
4.531,280102,-149484,-429586
4.536,279842,-149956,-429798
4.541,279724,-150398,-430122
4.546,279932,-150122,-430054
4.551,280063,-149778,-429841
4.556,279898,-150122,-430020
4.561,279741,-150537,-430278
4.566,279803,-150340,-430143
4.571,279837,-150091,-429928
4.576,279621,-150450,-430071
4.581,279514,-150793,-430307
4.586,279656,-150525,-430181
4.591,279718,-150248,-429966
4.596,279544,-150575,-430119
4.601,279475,-150881,-430356
4.606,279648,-150525,-430173
4.611,279701,-150211,-429912
4.616,279546,-150501,-430047
4.621,279465,-150822,-430287
4.626,279653,-150520,-430173
4.631,279850,-150248,-430098
4.636,280019,-150513,-430532
4.641,280373,-150246,-430619
4.646,280780,-148716,-429496
4.651,280704,-146659,-427363
4.656,279707,-144468,-424175
4.661,278411,-142034,-420445
4.666,277204,-140356,-417560
4.671,276103,-141468,-417571
4.676,275037,-144608,-419645
4.681,274375,-147578,-421953
4.686,275168,-149116,-424284
4.691,276978,-149493,-426471
4.696,278104,-150075,-428179
4.701,278774,-150586,-429360
4.706,279488,-150320,-429808
4.711,280008,-149927,-429935
4.716,280092,-150190,-430282
4.721,280122,-150502,-430624
4.726,280372,-150170,-430542
4.731,280526,-149826,-430352
4.736,280430,-150115,-430545
4.741,280421,-150384,-430805
4.746,280641,-150012,-430653
4.751,280773,-149676,-430449
4.756,280636,-149980,-430616
4.763,280578,-150289,-430867
4.764,280578,-150289,-430867
4.768,280788,-149963,-430751
4.769,280788,-149963,-430751
4.773,280964,-149598,-430562
4.773,280964,-149598,-430562
4.776,280864,-149860,-430724
4.781,280806,-150172,-430978
4.786,281033,-149822,-430855
4.792,281226,-149377,-430603
4.796,281147,-149583,-430730
4.801,281110,-149855,-430965
4.806,281382,-149466,-430848
4.811,281597,-149052,-430649
4.816,281552,-149296,-430848
4.821,281594,-149523,-431117
4.826,281959,-149067,-431026
4.831,282223,-148632,-430855
4.836,282178,-148876,-431054
4.841,282239,-149122,-431361
4.846,282581,-148699,-431280
4.851,282862,-148239,-431101
4.856,282919,-148401,-431320
4.861,283008,-148569,-431577
4.866,283356,-148086,-431442
4.871,283615,-147593,-431208
4.876,283553,-147768,-431321
4.881,283547,-147955,-431502
4.886,283796,-147489,-431285
4.891,283923,-147046,-430969
4.896,283730,-147305,-431035
4.901,283541,-147658,-431199
4.906,283596,-147366,-430962
4.911,283589,-147049,-430638
4.916,283290,-147393,-430683
4.921,283030,-147815,-430845
4.926,282943,-147699,-430642
4.931,282753,-147591,-430344
4.936,282346,-148086,-430432
4.941,281988,-148617,-430605
4.946,281889,-148483,-430372
4.951,281778,-148318,-430096
4.956,281430,-148789,-430219
4.961,281225,-149244,-430469
4.966,281291,-149032,-430323
4.974,281289,-148787,-430076
4.974,281289,-148787,-430076
4.976,281065,-149167,-430232
4.981,280913,-149534,-430447
4.986,281049,-149237,-430286
4.991,281141,-148924,-430065
4.996,280987,-149248,-430235
5.001,280852,-149620,-430472
5.006,280992,-149340,-430332
5.011,281089,-149036,-430125
5.016,280938,-149373,-430311
5.021,280851,-149715,-430566
5.026,281055,-149357,-430412
5.031,281177,-148960,-430137
5.036,281015,-149252,-430267
5.041,280934,-149602,-430536
5.046,281081,-149300,-430381
5.051,281169,-148932,-430101
5.056,281026,-149223,-430249
5.061,280929,-149561,-430490
5.066,281066,-149273,-430339
5.071,281135,-148960,-430095
5.076,280966,-149290,-430256
5.081,280862,-149619,-430481
5.086,280994,-149318,-430312
5.091,281050,-148994,-430044
5.096,280856,-149317,-430173
5.101,280744,-149680,-430424
5.106,280906,-149385,-430291
5.111,281001,-149075,-430076
5.118,280820,-149423,-430243
5.119,280820,-149423,-430243
5.123,280728,-149743,-430471
5.123,280728,-149743,-430471
5.126,280926,-149355,-430281
5.131,281055,-148970,-430025
5.136,280891,-149281,-430172
5.141,280764,-149614,-430378
5.146,280894,-149312,-430206
5.151,280984,-148956,-429940
5.156,280811,-149272,-430083
5.161,280696,-149638,-430334
5.166,280859,-149316,-430175
5.171,280964,-148962,-429926
5.176,280765,-149294,-430059
5.181,280648,-149661,-430309
5.186,280829,-149347,-430176
5.191,280956,-148976,-429932
5.196,280809,-149266,-430075
5.201,280687,-149637,-430324
5.206,280793,-149384,-430177
5.211,280912,-149037,-429949
5.216,280790,-149307,-430097
5.221,280693,-149665,-430358
5.226,280844,-149381,-430225
5.231,280920,-149049,-429969
5.236,280811,-149270,-430081
5.241,280747,-149543,-430290
5.246,280887,-149218,-430105
5.251,280968,-148906,-429874
5.256,280751,-149292,-430043
5.261,280593,-149664,-430257
5.266,280719,-149341,-430060
5.271,280830,-149010,-429840
5.276,280664,-149345,-430009
5.281,280574,-149671,-430245
5.286,280806,-149304,-430110
5.291,280942,-148919,-429861
5.296,280764,-149244,-430008
5.301,280627,-149628,-430255
5.306,280769,-149290,-430059
5.311,280884,-148903,-429787
5.316,280714,-149187,-429901
5.321,280598,-149554,-430152
5.326,280746,-149281,-430027
5.331,280815,-148966,-429781
5.336,280618,-149293,-429911
5.341,280505,-149607,-430112
5.346,280682,-149257,-429939
5.351,280822,-148870,-429692
5.356,280721,-149168,-429889
5.361,280642,-149522,-430164
5.366,280795,-149225,-430020
5.371,280936,-148834,-429770
5.376,280807,-149121,-429928
5.381,280714,-149484,-430198
5.386,280898,-149195,-430093
5.391,281017,-148860,-429877
5.396,280836,-149158,-429994
5.401,280673,-149498,-430171
5.406,280822,-149165,-429987
5.411,280948,-148816,-429764
5.416,280778,-149123,-429901
5.421,280723,-149336,-430059
5.426,281065,-148744,-429809
5.431,281415,-148116,-429531
5.436,281343,-148337,-429680
5.441,281146,-148780,-429926
5.446,281109,-148700,-429809
5.451,281050,-148550,-429600
5.456,280868,-148955,-429823
5.461,280748,-149396,-430144
5.466,280855,-149186,-430041
5.471,280972,-148874,-429846
5.478,280801,-149235,-430036
5.479,280801,-149235,-430036
5.481,280604,-149734,-430338
5.488,280656,-149596,-430252
5.489,280656,-149596,-430252
5.491,280671,-149320,-429991
5.496,280474,-149618,-430092
5.501,280380,-149982,-430362
5.506,280523,-149712,-430235
5.511,280640,-149360,-430000
5.516,280494,-149675,-430169
5.521,280361,-150067,-430428
5.526,280476,-149815,-430291
5.531,280566,-149459,-430025
5.536,280404,-149776,-430180
5.541,280306,-150137,-430443
5.546,280505,-149929,-430434
5.551,280800,-149655,-430455
5.556,281018,-149643,-430661
5.561,281254,-149001,-430255
5.567,281541,-147173,-428714
5.571,281279,-144682,-425961
5.576,280009,-142259,-422268
5.581,278564,-140539,-419103
5.586,277317,-140592,-417909
5.591,276258,-142848,-419106
5.596,275178,-146111,-421289
5.601,274983,-149013,-423996
5.606,276587,-149866,-426453
5.611,278309,-149686,-427995
5.616,279201,-149998,-429199
5.621,279796,-150311,-430107
5.626,280419,-149993,-430412
5.631,280743,-149672,-430415
5.636,280683,-150002,-430685
5.641,280665,-150369,-431034
5.646,280881,-150093,-430974
5.651,281042,-149717,-430759
5.656,280926,-150023,-430949
5.661,280851,-150416,-431267
5.666,281056,-150096,-431152
5.671,281191,-149697,-430888
5.676,281072,-149977,-431049
5.681,281026,-150309,-431335
5.686,281249,-149954,-431203
5.691,281417,-149560,-430977
5.696,281302,-149839,-431141
5.701,281257,-150188,-431445
5.706,281449,-149896,-431345
5.711,281595,-149483,-431078
5.716,281496,-149730,-431226
5.721,281466,-150047,-431513
5.726,281687,-149734,-431421
5.731,281892,-149321,-431213
5.736,281870,-149495,-431365
5.741,281870,-149781,-431651
5.746,282083,-149489,-431572
5.751,282273,-149102,-431375
5.756,282276,-149322,-431598
5.761,282373,-149548,-431921
5.766,282692,-149144,-431836
5.771,282907,-148715,-431622
5.776,282886,-148882,-431768
5.781,282937,-149089,-432026
5.786,283217,-148668,-431885
5.791,283393,-148209,-431602
5.796,283313,-148379,-431692
5.801,283267,-148637,-431904
5.806,283441,-148258,-431699
5.811,283505,-147854,-431359
5.816,283293,-148128,-431421
5.823,283139,-148492,-431631
5.823,283139,-148492,-431631
5.826,283221,-148211,-431432
5.833,283197,-147924,-431121
5.834,283197,-147924,-431121
5.836,282856,-148368,-431224
5.841,282501,-148917,-431418
5.846,282414,-148806,-431220
5.851,282260,-148688,-430948
5.856,281838,-149231,-431069
5.861,281521,-149755,-431276
5.867,281479,-149612,-431091
5.871,281375,-149455,-430830
5.876,281036,-149921,-430957
5.881,280785,-150383,-431168
5.886,280861,-150171,-431032
5.891,280917,-149882,-430799
5.896,280682,-150264,-430946
5.901,280503,-150703,-431206
5.906,280566,-150487,-431053
5.911,280638,-150125,-430763
5.916,280506,-150385,-430891
5.921,280354,-150810,-431164
5.926,280455,-150559,-431014
5.931,280593,-150155,-430748
5.936,280467,-150397,-430864
5.941,280366,-150766,-431132
5.946,280499,-150516,-431015
5.951,280605,-150158,-430763
5.956,280494,-150423,-430917
5.961,280416,-150755,-431171
5.966,280558,-150456,-431014
5.971,280630,-150080,-430710
5.976,280471,-150389,-430860
5.981,280374,-150759,-431133
5.986,280491,-150475,-430966
5.991,280543,-150192,-430735
5.996,280353,-150562,-430915
6.001,280265,-150885,-431150
6.006,280422,-150579,-431001
6.011,280491,-150260,-430751
6.016,280356,-150563,-430919
6.021,280242,-150935,-431177
6.026,280360,-150670,-431030
6.031,280458,-150306,-430764
6.036,280338,-150545,-430883
6.043,280205,-150902,-431107
6.043,280205,-150902,-431107
6.046,280274,-150653,-430927
6.051,280365,-150316,-430681
6.056,280200,-150651,-430851
6.061,280067,-151040,-431107
6.066,280191,-150772,-430963
6.071,280213,-150501,-430714
6.076,280000,-150843,-430843
6.081,279889,-151220,-431109
6.086,280011,-150964,-430975
6.092,280132,-150611,-430743
6.096,280002,-150879,-430881
6.101,279863,-151234,-431097
6.106,279997,-150962,-430959
6.111,280152,-150600,-430752
6.116,280023,-150903,-430926
6.121,279858,-151292,-431150
6.126,280008,-150990,-430998
6.131,280140,-150618,-430758
6.136,279991,-150910,-430901
6.141,279896,-151260,-431156
6.146,280049,-150974,-431023
6.151,280161,-150640,-430801
6.156,280029,-150921,-430950
6.161,279893,-151316,-431209
6.166,279985,-151076,-431061
6.171,280075,-150741,-430816
6.178,279894,-151047,-430941
6.179,279894,-151047,-430941
6.183,279739,-151387,-431126
6.183,279739,-151387,-431126
6.188,279899,-151074,-430973
6.188,279899,-151074,-430973
6.193,280034,-150717,-430751
6.193,280034,-150717,-430751
6.196,279880,-151017,-430897
6.201,279744,-151404,-431148
6.206,279900,-151110,-431010
6.211,280036,-150733,-430769
6.216,279889,-151000,-430889
6.221,279771,-151354,-431125
6.226,279881,-151142,-431023
6.231,279980,-150840,-430820
6.236,279832,-151138,-430970
6.241,279719,-151510,-431229
6.246,279882,-151213,-431095
6.251,280003,-150805,-430808
6.256,279854,-151087,-430941
6.261,279753,-151468,-431221
6.266,279897,-151169,-431066
6.271,280012,-150785,-430797
6.276,279844,-151090,-430934
6.281,279714,-151463,-431177
6.286,279880,-151152,-431032
6.291,279982,-150796,-430778
6.296,279814,-151089,-430903
6.301,279742,-151326,-431068
6.306,280041,-150758,-430799
6.311,280355,-150165,-430520
6.316,280308,-150409,-430717
6.321,280097,-150822,-430919
6.326,280054,-150708,-430762
6.331,280061,-150504,-430565
6.336,279908,-150872,-430780
6.341,279884,-151275,-431159
6.346,279993,-151098,-431091
6.351,280033,-150803,-430836
6.356,279879,-151094,-430973
6.361,279697,-151553,-431250
6.366,279703,-151475,-431178
6.371,279727,-151225,-430952
6.376,279540,-151535,-431075
6.381,279436,-151905,-431341
6.386,279595,-151634,-431229
6.393,279687,-151301,-430988
6.394,279687,-151301,-430988
6.396,279558,-151552,-431110
6.401,279462,-151900,-431362
6.406,279581,-151633,-431214
6.411,279666,-151287,-430953
6.416,279541,-151526,-431067
6.421,279474,-151867,-431341
6.426,279622,-151694,-431316
6.431,279811,-151420,-431231
6.436,279997,-151459,-431456
6.441,280326,-150889,-431215
6.446,280649,-149032,-429681
6.451,280421,-146481,-426902
6.456,279232,-143974,-423206
6.461,277846,-142069,-419915
6.466,276587,-141836,-418423
6.471,275534,-143998,-419532
6.476,274544,-147331,-421875
6.481,274252,-150477,-424729
6.486,275641,-151584,-427225
6.491,277306,-151456,-428762
6.496,278194,-151755,-429949
6.501,278766,-152090,-430856
6.506,279362,-151796,-431158
6.511,279714,-151390,-431104
6.516,279721,-151627,-431348
6.521,279742,-151941,-431683
6.526,280001,-151587,-431588
6.533,280213,-151167,-431380
6.534,280213,-151167,-431380
6.538,280144,-151382,-431526
6.538,280144,-151382,-431526
6.543,280072,-151745,-431817
6.544,280072,-151745,-431817
6.546,280207,-151511,-431718
6.551,280317,-151154,-431471
6.556,280192,-151433,-431625
6.561,280100,-151808,-431908
6.566,280295,-151493,-431788
6.571,280445,-151085,-431530
6.576,280334,-151338,-431672
6.581,280236,-151682,-431918
6.586,280395,-151392,-431787
6.591,280572,-150980,-431552
6.596,280535,-151150,-431685
6.601,280516,-151454,-431970
6.606,280721,-151146,-431867
6.611,280876,-150741,-431617
6.616,280799,-150924,-431723
6.621,280811,-151182,-431993
6.626,281079,-150834,-431913
6.631,281317,-150363,-431680
6.636,281320,-150506,-431826
6.641,281402,-150715,-432117
6.646,281719,-150293,-432012
6.651,282004,-149776,-431780
6.656,282041,-149906,-431947
6.661,282067,-150139,-432206
6.666,282318,-149748,-432066
6.671,282475,-149289,-431764
6.676,282377,-149469,-431846
6.681,282322,-149745,-432067
6.686,282480,-149406,-431886
6.691,282517,-149012,-431529
6.696,282307,-149273,-431580
6.701,282154,-149610,-431764
6.706,282263,-149320,-431583
6.711,282225,-149042,-431267
6.716,281869,-149449,-431318
6.721,281534,-149990,-431524
6.726,281459,-149936,-431395
6.731,281330,-149786,-431116
6.736,280948,-150223,-431171
6.743,280608,-150771,-431379
6.744,280608,-150771,-431379
6.746,280516,-150733,-431249
6.753,280392,-150576,-430968
6.753,280392,-150576,-430968
6.756,280047,-150976,-431023
6.761,279810,-151401,-431211
6.766,279866,-151196,-431062
6.771,279908,-150906,-430814
6.776,279678,-151245,-430923
6.781,279497,-151661,-431158
6.786,279582,-151462,-431044
6.791,279642,-151177,-430819
6.796,279469,-151464,-430933
6.801,279391,-151804,-431195
6.806,279499,-151540,-431039
6.811,279573,-151178,-430751
6.816,279463,-151439,-430902
6.821,279400,-151758,-431158
6.826,279527,-151435,-430962
6.831,279617,-151018,-430635
6.836,279467,-151249,-430716
6.841,279381,-151557,-430938
6.846,279537,-151280,-430817
6.851,279587,-150922,-430509
6.856,279379,-151204,-430583
6.861,279250,-151571,-430821
6.866,279348,-151293,-430641
6.873,279405,-150946,-430351
6.873,279405,-150946,-430351
6.876,279266,-151194,-430460
6.881,279171,-151548,-430719
6.886,279297,-151282,-430579
6.891,279344,-150935,-430279
6.898,279133,-151232,-430365
6.898,279133,-151232,-430365
6.901,279023,-151602,-430625
6.906,279195,-151320,-430515
6.911,279327,-150936,-430263
6.916,279183,-151184,-430367
6.921,279044,-151519,-430563
6.926,279144,-151286,-430430
6.931,279199,-150985,-430184
6.936,278985,-151315,-430300
6.941,278876,-151653,-430529
6.946,279007,-151390,-430397
6.951,279024,-151113,-430137
6.956,278818,-151406,-430224
6.961,278721,-151750,-430471
6.966,278887,-151449,-430336
6.971,278974,-151099,-430073
6.976,278795,-151405,-430200
6.981,278661,-151790,-430451
6.986,278814,-151510,-430324
6.991,278924,-151171,-430095
6.996,278796,-151409,-430205
7.001,278740,-151705,-430445
7.006,278886,-151464,-430350
7.011,278965,-151129,-430094
7.016,278802,-151435,-430237
7.021,278696,-151809,-430505
7.026,278829,-151548,-430377
7.031,278889,-151246,-430135
7.036,278721,-151538,-430259
7.041,278639,-151845,-430484
7.046,278839,-151485,-430324
7.051,278960,-151083,-430043
7.056,278812,-151373,-430185
7.061,278707,-151729,-430436
7.067,278808,-151465,-430273
7.071,278873,-151126,-429999
7.076,278716,-151430,-430146
7.081,278625,-151757,-430382
7.086,278795,-151453,-430248
7.091,278899,-151109,-430008
7.096,278726,-151399,-430125
7.103,278629,-151746,-430375
7.103,278629,-151746,-430375
7.106,278794,-151436,-430230
7.111,278921,-151047,-429968
7.116,278768,-151333,-430101
7.121,278626,-151747,-430373
7.126,278778,-151487,-430265
7.131,278898,-151104,-430002
7.136,278728,-151377,-430105
7.141,278621,-151734,-430355
7.146,278790,-151454,-430244
7.151,278925,-151095,-430020
7.156,278785,-151368,-430153
7.161,278671,-151683,-430354
7.166,278810,-151363,-430173
7.171,278883,-151007,-429890
7.176,278707,-151289,-429996
7.181,278681,-151510,-430191
7.186,279006,-150952,-429958
7.191,279289,-150362,-429651
7.196,279233,-150565,-429798
7.201,279062,-150948,-430010
7.206,279041,-150828,-429869
7.211,279004,-150617,-429621
7.217,278790,-151020,-429810
7.221,278684,-151507,-430191
7.228,278833,-151298,-430131
7.228,278833,-151298,-430131
7.231,278926,-150975,-429901
7.236,278757,-151320,-430077
7.243,278593,-151739,-430332
7.244,278593,-151739,-430332
7.248,278647,-151592,-430239
7.248,278647,-151592,-430239
7.253,278637,-151395,-430032
7.253,278637,-151395,-430032
7.256,278472,-151708,-430180
7.261,278395,-152056,-430451
7.266,278538,-151803,-430341
7.271,278643,-151454,-430097
7.276,278494,-151715,-430209
7.281,278371,-152070,-430441
7.286,278503,-151798,-430301
7.291,278627,-151416,-430043
7.296,278526,-151652,-430178
7.301,278424,-152005,-430429
7.306,278573,-151796,-430369
7.311,278841,-151508,-430349
7.316,279053,-151526,-430579
7.321,279354,-150933,-430287
7.326,279622,-149179,-428801
7.331,279256,-146731,-425987
7.336,277985,-144250,-422235
7.341,276580,-142337,-418917
7.346,275437,-142032,-417469
7.351,274549,-144099,-418648
7.356,273599,-147215,-420814
7.361,273348,-149996,-423344
7.366,274821,-151040,-425861
7.371,276480,-151108,-427588
7.376,277330,-151537,-428867
7.381,277862,-151963,-429825
7.386,278421,-151729,-430150
7.391,278806,-151345,-430151
7.396,278836,-151564,-430400
7.401,278821,-151922,-430743
7.406,279040,-151666,-430706
7.411,279221,-151243,-430464
7.416,279102,-151492,-430594
7.421,279039,-151854,-430893
7.426,279252,-151532,-430784
7.431,279435,-151090,-430525
7.436,279346,-151326,-430672
7.441,279284,-151675,-430959
7.446,279487,-151357,-430844
7.451,279642,-150954,-430596
7.458,279534,-151182,-430716
7.458,279534,-151182,-430716
7.461,279511,-151475,-430986
7.466,279751,-151145,-430896
7.471,279948,-150716,-430664
7.476,279886,-150901,-430787
7.481,279880,-151171,-431051
7.486,280107,-150858,-430965
7.491,280292,-150422,-430714
7.496,280237,-150633,-430870
7.501,280291,-150891,-431182
7.506,280619,-150491,-431110
7.511,280836,-150066,-430902
7.516,280835,-150257,-431092
7.521,280929,-150493,-431422
7.526,281268,-150068,-431336
7.531,281562,-149546,-431108
7.536,281588,-149668,-431256
7.541,281676,-149882,-431558
7.546,281987,-149479,-431466
7.551,282208,-148990,-431198
7.556,282127,-149135,-431262
7.561,282066,-149415,-431481
7.566,282244,-149066,-431310
7.571,282340,-148669,-431009
7.576,282128,-148933,-431061
7.581,281904,-149322,-431226
7.586,281937,-149066,-431003
7.591,281891,-148747,-430638
7.598,281590,-149087,-430677
7.598,281590,-149087,-430677
7.603,281315,-149558,-430873
7.603,281315,-149558,-430873
7.608,281208,-149480,-430688
7.609,281208,-149480,-430688
7.611,281015,-149332,-430347
7.616,280620,-149800,-430420
7.621,280303,-150345,-430648
7.626,280236,-150270,-430506
7.631,280174,-150049,-430223
7.636,279865,-150413,-430278
7.641,279615,-150872,-430487
7.646,279667,-150708,-430375
7.651,279657,-150462,-430119
7.656,279432,-150803,-430235
7.661,279297,-151199,-430496
7.666,279439,-150939,-430378
7.671,279516,-150620,-430136
7.676,279344,-150957,-430301
7.681,279249,-151322,-430571
7.686,279379,-151053,-430432
7.691,279458,-150712,-430170
7.696,279326,-150953,-430279
7.701,279227,-151291,-430518
7.706,279422,-150974,-430396
7.711,279551,-150568,-430119
7.716,279407,-150794,-430201
7.721,279308,-151105,-430413
7.726,279439,-150814,-430253
7.731,279541,-150465,-430006
7.736,279365,-150791,-430156
7.741,279293,-151108,-430401
7.746,279472,-150782,-430254
7.751,279542,-150452,-429994
7.756,279371,-150719,-430090
7.761,279281,-151018,-430299
7.766,279441,-150720,-430161
7.771,279578,-150354,-429932
7.776,279453,-150636,-430089
7.781,279308,-151027,-430335
7.786,279426,-150790,-430216
7.791,279517,-150433,-429950
7.796,279391,-150671,-430062
7.801,279276,-151032,-430308
7.806,279400,-150761,-430161
7.811,279506,-150363,-429869
7.818,279330,-150647,-429977
7.818,279330,-150647,-429977
7.821,279172,-151081,-430253
7.826,279327,-150784,-430111
7.831,279436,-150401,-429837
7.836,279251,-150704,-429955
7.841,279101,-151106,-430207
7.846,279267,-150820,-430087
7.851,279379,-150441,-429820
7.856,279218,-150705,-429923
7.861,279135,-151001,-430136
7.866,279306,-150710,-430016
7.871,279405,-150380,-429785
7.876,279227,-150678,-429905
7.881,279079,-151066,-430145
7.886,279236,-150794,-430030
7.891,279353,-150452,-429805
7.896,279184,-150757,-429941
7.901,279097,-151101,-430198
7.906,279301,-150740,-430041
7.911,279439,-150344,-429783
7.916,279276,-150656,-429932
7.921,279136,-151039,-430175
7.926,279256,-150754,-430010
7.931,279360,-150381,-429741
7.936,279251,-150641,-429892
7.941,279158,-151004,-430162
7.946,279315,-150695,-430010
7.951,279474,-150271,-429745
7.956,279377,-150496,-429873
7.963,279306,-150842,-430148
7.963,279306,-150842,-430148
7.966,279484,-150556,-430040
7.971,279579,-150190,-429769
7.976,279390,-150489,-429879
7.981,279268,-150832,-430100
7.986,279426,-150545,-429971
7.991,279561,-150143,-429704
7.996,279422,-150396,-429818
8.001,279326,-150728,-430054
8.006,279466,-150458,-429924
8.011,279552,-150093,-429645
8.016,279396,-150371,-429767
8.021,279313,-150725,-430038
8.026,279469,-150448,-429917
8.031,279530,-150107,-429637
8.036,279343,-150406,-429749
8.041,279227,-150762,-429989
8.046,279372,-150487,-429859
8.051,279502,-150123,-429625
8.056,279364,-150381,-429745
8.061,279262,-150726,-429988
8.066,279424,-150437,-429861
8.071,279569,-150043,-429612
8.076,279434,-150313,-429747
8.081,279355,-150636,-429991
8.086,279523,-150332,-429855
8.091,279578,-149987,-429565
8.096,279393,-150264,-429657
8.101,279311,-150578,-429889
8.106,279508,-150267,-429775
8.111,279653,-149824,-429477
8.116,279640,-149835,-429475
8.121,279746,-149897,-429643
8.126,280033,-149524,-429557
8.131,280128,-149154,-429282
8.136,279846,-149533,-429379
8.141,279589,-150099,-429688
8.146,279699,-149960,-429659
8.151,279847,-149654,-429501
8.156,279688,-150010,-429698
8.161,279558,-150378,-429936
8.166,279679,-150187,-429866
8.173,279644,-150026,-429670
8.173,279644,-150026,-429670
8.176,279367,-150445,-429812
8.181,279232,-150807,-430039
8.186,279374,-150503,-429877
8.191,279446,-150211,-429657
8.196,279263,-150556,-429819
8.201,279157,-150890,-430047
8.206,279275,-150620,-429895
8.211,279320,-150305,-429625
8.216,279154,-150580,-429734
8.221,279071,-150944,-430015
8.226,279240,-150665,-429905
8.231,279337,-150327,-429664
8.236,279173,-150675,-429848
8.241,279178,-151103,-430281
8.246,279615,-150696,-430311
8.251,280116,-149611,-429727
8.256,280222,-148573,-428795
8.261,279944,-147134,-427078
8.266,279121,-144298,-423419
8.271,277902,-141382,-419284
8.276,276343,-140875,-417218
8.281,275063,-143192,-418255
8.286,274279,-145854,-420133
8.291,273887,-148269,-422156
8.296,274650,-150255,-424905
8.301,276229,-151077,-427306
8.306,277651,-150857,-428508
8.311,278574,-150471,-429045
8.318,278947,-150756,-429703
8.318,278947,-150756,-429703
8.321,279139,-151125,-430264
8.326,279433,-150836,-430269
8.331,279616,-150485,-430101
8.336,279538,-150761,-430299
8.341,279487,-151144,-430631
8.346,279697,-150873,-430570
8.351,279878,-150490,-430368
8.356,279803,-150724,-430527
8.361,279741,-151071,-430812
8.366,279911,-150797,-430708
8.371,280066,-150423,-430489
8.376,279999,-150639,-430638
8.381,279940,-150969,-430909
8.386,280096,-150720,-430816
8.391,280224,-150350,-430574
8.396,280147,-150585,-430732
8.401,280102,-150892,-430994
8.406,280341,-150606,-430947
8.411,280550,-150244,-430794
8.416,280494,-150420,-430914
8.421,280476,-150694,-431170
8.426,280774,-150307,-431081
8.431,281045,-149850,-430895
8.436,281047,-150038,-431085
8.441,281071,-150319,-431390
8.446,281371,-149947,-431318
8.451,281627,-149479,-431106
8.456,281603,-149652,-431255
8.461,281710,-149905,-431615
8.466,282073,-149514,-431587
8.471,282350,-149005,-431355
8.476,282377,-149140,-431517
8.481,282421,-149328,-431749
8.486,282646,-148928,-431574
8.491,282763,-148512,-431275
8.496,282609,-148740,-431349
8.501,282436,-149086,-431522
8.506,282506,-148795,-431301
8.511,282577,-148411,-430988
8.517,282402,-148684,-431086
8.523,282239,-149017,-431256
8.523,282239,-149017,-431256
8.526,282285,-148788,-431073
8.531,282168,-148619,-430787
8.536,281758,-149096,-430854
8.541,281403,-149639,-431042
8.546,281327,-149553,-430880
8.551,281213,-149386,-430599
8.556,280878,-149822,-430700
8.561,280620,-150312,-430932
8.566,280640,-150145,-430785
8.571,280594,-149931,-430525
8.576,280321,-150360,-430681
8.581,280133,-150818,-430951
8.586,280208,-150624,-430832
8.591,280230,-150345,-430575
8.596,280038,-150689,-430727
8.601,279916,-151088,-431004
8.606,280077,-150768,-430845
8.611,280217,-150411,-430628
8.616,280057,-150751,-430808
8.621,279954,-151098,-431052
8.626,280136,-150803,-430939
8.631,280243,-150451,-430694
8.636,280100,-150682,-430782
8.641,279999,-151030,-431029
8.646,280169,-150782,-430951
8.651,280283,-150430,-430713
8.656,280141,-150685,-430826
8.661,280044,-151014,-431058
8.666,280194,-150696,-430890
8.671,280307,-150356,-430663
8.678,280175,-150655,-430830
8.679,280175,-150655,-430830
8.681,280102,-151007,-431109
8.686,280237,-150729,-430966
8.691,280305,-150365,-430670
8.696,280116,-150679,-430795
8.701,280005,-151052,-431057
8.706,280125,-150800,-430925
8.711,280171,-150492,-430663
8.716,279956,-150819,-430775
8.721,279830,-151207,-431037
8.726,280021,-150945,-430966
8.731,280135,-150611,-430746
8.736,279957,-150895,-430852
8.741,279829,-151234,-431063
8.746,279961,-150939,-430900
8.751,280059,-150607,-430666
8.756,279911,-150906,-430817
8.761,279799,-151254,-431053
8.766,279909,-151023,-430932
8.771,279977,-150735,-430712
8.776,279865,-150978,-430843
8.781,279792,-151299,-431091
8.786,279907,-151049,-430956
8.791,279975,-150733,-430708
8.796,279824,-151003,-430827
8.801,279716,-151322,-431038
8.806,279881,-151055,-430936
8.811,279986,-150775,-430761
8.816,279820,-151111,-430931
8.821,279681,-151519,-431200
8.826,279788,-151252,-431040
8.831,279881,-150863,-430744
8.836,279736,-151135,-430871
8.841,279622,-151501,-431123
8.846,279779,-151224,-431003
8.851,279853,-150896,-430749
8.856,279682,-151198,-430880
8.861,279548,-151572,-431120
8.866,279704,-151280,-430984
8.871,279826,-150920,-430746
8.876,279667,-151180,-430847
8.881,279549,-151525,-431074
8.886,279691,-151254,-430945
8.891,279771,-150920,-430691
8.896,279613,-151155,-430768
8.901,279520,-151451,-430971
8.906,279703,-151166,-430869
8.911,279797,-150833,-430630
8.916,279622,-151129,-430751
8.921,279511,-151509,-431020
8.926,279654,-151282,-430936
8.931,279777,-150970,-430747
8.936,279597,-151260,-430857
8.941,279419,-151632,-431051
8.946,279541,-151389,-430930
8.951,279661,-151018,-430679
8.956,279532,-151290,-430822
8.961,279487,-151626,-431113
8.966,279675,-151315,-430990
8.971,279764,-150968,-430732
8.976,279574,-151275,-430849
8.981,279449,-151656,-431105
8.986,279627,-151341,-430968
8.991,279742,-150984,-430726
8.996,279603,-151281,-430884
9.001,279499,-151630,-431129
9.006,279648,-151290,-430938
9.011,279744,-150876,-430620
9.016,279583,-151172,-430755
9.021,279469,-151516,-430985
9.026,279721,-151032,-430753
9.031,280005,-150383,-430388
9.036,279994,-150520,-430514
9.041,279896,-150885,-430781
9.046,279901,-150768,-430669
9.051,279884,-150592,-430476
9.056,279667,-151011,-430678
9.061,279567,-151454,-431021
9.066,279726,-151251,-430977
9.071,279820,-150931,-430751
9.076,279652,-151254,-430906
9.081,279471,-151704,-431175
9.086,279515,-151596,-431111
9.091,279559,-151383,-430942
9.096,279403,-151680,-431083
9.101,279315,-151990,-431305
9.106,279479,-151723,-431202
9.111,279496,-151450,-430946
9.116,279296,-151745,-431041
9.121,279218,-152027,-431245
9.126,279415,-151679,-431094
9.131,279532,-151355,-430887
9.136,279378,-151665,-431043
9.141,279269,-152036,-431305
9.146,279404,-151811,-431215
9.151,279582,-151540,-431122
9.156,279691,-151763,-431454
9.161,279983,-151574,-431557
9.166,280460,-150006,-430466
9.171,280600,-147792,-428392
9.176,279782,-145611,-425393
9.181,278496,-143308,-421804
9.186,277276,-141651,-418927
9.191,275990,-142676,-418666
9.196,274765,-145921,-420686
9.201,274006,-149323,-423329
9.206,274616,-151305,-425921
9.211,276309,-151655,-427964
9.218,277527,-151930,-429457
9.218,277527,-151930,-429457
9.223,278288,-152263,-430551
9.223,278288,-152263,-430551
9.228,279013,-151920,-430933
9.229,279013,-151920,-430933
9.231,279493,-151483,-430976
9.236,279564,-151728,-431292
9.241,279566,-152088,-431654
9.246,279787,-151820,-431607
9.251,280006,-151420,-431426
9.256,279971,-151657,-431628
9.261,279861,-152019,-431880
9.266,280001,-151748,-431749
9.271,280127,-151407,-431534
9.276,280026,-151656,-431682
9.281,280005,-151947,-431952
9.286,280210,-151643,-431853
9.291,280305,-151298,-431603
9.296,280175,-151566,-431741
9.301,280126,-151865,-431991
9.306,280346,-151504,-431850
9.311,280473,-151136,-431609
9.316,280355,-151414,-431769
9.321,280315,-151732,-432047
9.326,280505,-151408,-431913
9.331,280669,-150949,-431618
9.336,280625,-151150,-431775
9.341,280665,-151414,-432079
9.346,280962,-151032,-431994
9.351,281216,-150568,-431784
9.356,281261,-150701,-431962
9.361,281306,-150926,-432232
9.366,281597,-150540,-432137
9.371,281846,-150064,-431910
9.376,281862,-150196,-432058
9.381,281916,-150438,-432354
9.386,282186,-150034,-432220
9.391,282413,-149523,-431936
9.396,282356,-149700,-432056
9.401,282304,-149935,-432239
9.406,282487,-149561,-432048
9.411,282614,-149091,-431705
9.416,282470,-149255,-431725
9.421,282327,-149556,-431883
9.426,282388,-149275,-431663
9.431,282377,-148993,-431370
9.436,282028,-149430,-431458
9.441,281734,-149925,-431659
9.446,281706,-149789,-431495
9.451,281613,-149617,-431230
9.456,281247,-150098,-431345
9.461,280888,-150699,-431587
9.466,280801,-150618,-431419
9.471,280750,-150393,-431143
9.476,280479,-150810,-431289
9.481,280210,-151350,-431560
9.486,280193,-151245,-431438
9.491,280172,-151048,-431220
9.496,279892,-151454,-431346
9.501,279693,-151871,-431564
9.506,279824,-151620,-431444
9.511,279945,-151284,-431229
9.516,279856,-151550,-431406
9.521,279752,-151906,-431658
9.526,279852,-151649,-431501
9.531,279946,-151280,-431226
9.536,279807,-151561,-431368
9.541,279724,-151910,-431634
9.546,279906,-151576,-431482
9.551,280015,-151203,-431218
9.556,279903,-151437,-431340
9.563,279800,-151778,-431578
9.563,279800,-151778,-431578
9.566,279903,-151533,-431436
9.571,280001,-151157,-431158
9.576,279876,-151380,-431256
9.581,279781,-151719,-431500
9.588,279909,-151453,-431362
9.588,279909,-151453,-431362
9.591,279990,-151128,-431118
9.596,279828,-151410,-431238
9.601,279743,-151711,-431454
9.606,279914,-151421,-431335
9.611,280012,-151108,-431120
9.617,279831,-151417,-431248
9.621,279699,-151777,-431476
9.626,279833,-151519,-431352
9.631,279911,-151214,-431125
9.636,279736,-151526,-431262
9.641,279618,-151882,-431500
9.646,279762,-151610,-431372
9.651,279840,-151280,-431120
9.656,279680,-151546,-431226
9.661,279590,-151874,-431464
9.666,279712,-151622,-431334
9.671,279786,-151296,-431082
9.676,279612,-151592,-431204
9.681,279493,-151983,-431476
9.686,279617,-151731,-431348
9.691,279674,-151401,-431075
9.696,279512,-151685,-431197
9.701,279414,-152046,-431460
9.706,279605,-151731,-431336
9.711,279712,-151377,-431089
9.716,279529,-151694,-431223
9.721,279410,-152050,-431460
9.726,279577,-151743,-431320
9.731,279679,-151382,-431061
9.736,279524,-151649,-431173
9.741,279435,-151987,-431422
9.746,279582,-151721,-431303
9.751,279684,-151372,-431056
9.756,279545,-151629,-431174
9.761,279452,-151971,-431423
9.766,279615,-151689,-431304
9.771,279708,-151341,-431049
9.776,279528,-151619,-431147
9.781,279428,-151938,-431366
9.786,279613,-151643,-431256
9.791,279701,-151328,-431029
9.796,279507,-151664,-431171
9.801,279412,-152036,-431448
9.806,279583,-151745,-431328
9.811,279669,-151419,-431088
9.816,279502,-151717,-431219
9.823,279396,-152055,-431451
9.823,279396,-152055,-431451
9.826,279528,-151765,-431293
9.831,279623,-151424,-431047
9.836,279464,-151691,-431155
9.841,279364,-152029,-431393
9.846,279552,-151723,-431275
9.851,279663,-151384,-431047
9.856,279506,-151678,-431184
9.861,279412,-152026,-431438
9.866,279528,-151769,-431297
9.871,279624,-151427,-431051
9.876,279503,-151713,-431216
9.881,279397,-152069,-431466
9.886,279513,-151815,-431328
9.891,279650,-151436,-431086
9.896,279566,-151643,-431209
9.901,279502,-151942,-431444
9.906,279636,-151649,-431285
9.911,279709,-151279,-430988
9.916,279593,-151514,-431107
9.921,279508,-151849,-431357
9.926,279668,-151474,-431142
9.931,279939,-150830,-430769
9.938,279993,-150854,-430847
9.938,279993,-150854,-430847
9.943,279954,-151176,-431130
9.943,279954,-151176,-431130
9.946,279995,-150986,-430981
9.951,279922,-150808,-430730
9.956,279706,-151190,-430896
9.961,279633,-151589,-431222
9.966,279817,-151408,-431225
9.971,279892,-151148,-431040
9.976,279732,-151434,-431166
9.981,279605,-151832,-431437
9.986,279671,-151680,-431351
9.991,279633,-151514,-431147
9.996,279418,-151866,-431284
10.001,279301,-152223,-431524
10.006,279453,-151944,-431397
10.011,279573,-151592,-431165
10.016,279403,-151903,-431306
10.021,279300,-152263,-431563
10.026,279476,-151991,-431467
10.031,279572,-151658,-431230
10.036,279393,-151924,-431317
10.041,279282,-152259,-431541
10.046,279408,-151997,-431405
10.051,279537,-151750,-431287
10.056,279574,-152076,-431650
10.061,279883,-152074,-431957
10.066,280398,-150771,-431169
10.071,280526,-148894,-429420
10.076,279867,-146952,-426819
10.081,278643,-144446,-423089
10.086,277468,-142096,-419564
10.091,276239,-142098,-418337
10.096,275070,-145010,-420080
10.101,274234,-148293,-422527
10.106,274398,-150419,-424817
10.111,275854,-151283,-427137
10.116,277217,-151870,-429087
10.121,278110,-152241,-430351
10.126,278906,-151955,-430861
10.131,279431,-151622,-431053
10.136,279524,-151868,-431392
10.142,279577,-152186,-431763
10.146,279856,-151886,-431742
10.151,280067,-151472,-431539
10.156,280018,-151671,-431689
10.161,279999,-151995,-431994
10.166,280170,-151726,-431896
10.171,280265,-151395,-431660
10.176,280123,-151705,-431828
10.181,280055,-152043,-432098
10.186,280269,-151748,-432017
10.191,280431,-151370,-431801
10.196,280315,-151586,-431901
10.201,280273,-151854,-432127
10.206,280507,-151516,-432023
10.211,280673,-151106,-431779
10.216,280578,-151329,-431907
10.221,280565,-151602,-432167
10.226,280807,-151234,-432041
10.231,280980,-150832,-431812
10.236,280866,-151099,-431965
10.241,280835,-151403,-432238
10.246,281110,-151030,-432140
10.251,281338,-150629,-431967
10.256,281312,-150835,-432147
10.261,281380,-151067,-432447
10.266,281704,-150658,-432362
10.271,281908,-150214,-432122
10.276,281951,-150342,-432293
10.281,282075,-150479,-432554
10.286,282415,-150023,-432438
10.293,282663,-149543,-432206
10.293,282663,-149543,-432206
10.298,282604,-149707,-432311
10.298,282604,-149707,-432311
10.301,282588,-149946,-432534
10.309,282795,-149554,-432349
10.309,282795,-149554,-432349
10.311,282923,-149112,-432035
10.316,282748,-149355,-432103
10.321,282593,-149681,-432274
10.326,282678,-149396,-432074
10.331,282670,-149094,-431764
10.336,282378,-149421,-431799
10.341,282133,-149844,-431977
10.346,282075,-149760,-431835
10.351,281893,-149675,-431568
10.356,281473,-150179,-431652
10.361,281121,-150709,-431830
10.366,281076,-150571,-431647
10.371,281002,-150355,-431357
10.376,280687,-150810,-431497
10.381,280432,-151303,-431735
10.386,280465,-151113,-431578
10.391,280445,-150886,-431331
10.396,280214,-151259,-431473
10.401,280053,-151698,-431751
10.406,280083,-151524,-431607
10.411,280110,-151241,-431351
10.416,279963,-151553,-431516
10.421,279844,-151924,-431768
10.426,279995,-151627,-431622
10.431,280087,-151262,-431349
10.436,279938,-151548,-431486
10.441,279868,-151899,-431767
10.446,280037,-151595,-431632
10.451,280188,-151202,-431390
10.456,280115,-151417,-431532
10.461,280047,-151711,-431758
10.467,280203,-151408,-431611
10.471,280340,-151035,-431375
10.476,280180,-151302,-431482
10.481,280052,-151629,-431681
10.486,280167,-151366,-431533
10.491,280267,-151037,-431304
10.496,280110,-151351,-431461
10.501,279979,-151729,-431708
10.506,280126,-151415,-431541
10.511,280269,-151047,-431316
10.516,280164,-151313,-431477
10.523,280090,-151605,-431695
10.523,280090,-151605,-431695
10.528,280242,-151279,-431521
10.528,280242,-151279,-431521
10.531,280316,-150955,-431271
10.536,280132,-151300,-431432
10.541,279975,-151712,-431687
10.546,280078,-151488,-431566
10.551,280141,-151175,-431316
10.556,279975,-151469,-431444
10.561,279798,-151877,-431675
10.566,279880,-151633,-431513
10.571,279983,-151253,-431236
10.576,279900,-151431,-431331
10.581,279837,-151723,-431560
10.586,279946,-151505,-431451
10.591,280006,-151161,-431167
10.596,279854,-151417,-431271
10.601,279740,-151788,-431528
10.606,279875,-151543,-431418
10.611,280004,-151166,-431170
10.616,279920,-151406,-431326
10.621,279853,-151754,-431607
10.626,279977,-151496,-431473
10.631,280020,-151217,-431237
10.636,279851,-151516,-431367
10.641,279767,-151849,-431616
10.648,279960,-151541,-431501
10.648,279960,-151541,-431501
10.653,280077,-151188,-431265
10.653,280077,-151188,-431265
10.658,279911,-151469,-431380
10.658,279911,-151469,-431380
10.661,279823,-151768,-431591
10.666,279998,-151464,-431462
10.671,280101,-151143,-431244
10.676,279957,-151410,-431367
10.681,279862,-151752,-431614
10.686,280024,-151438,-431462
10.691,280168,-151033,-431201
10.696,280018,-151307,-431325
10.701,279871,-151693,-431564
10.706,280021,-151404,-431425
10.711,280131,-151044,-431175
10.716,279979,-151318,-431297
10.721,279920,-151625,-431545
10.726,280115,-151315,-431430
10.731,280216,-150996,-431212
10.736,280066,-151256,-431322
10.741,279960,-151570,-431530
10.746,280122,-151283,-431405
10.751,280281,-150910,-431191
10.756,280158,-151189,-431347
10.761,280063,-151548,-431611
10.766,280179,-151304,-431483
10.771,280260,-150980,-431240
10.776,280128,-151228,-431356
10.781,280025,-151577,-431602
10.786,280182,-151305,-431487
10.791,280297,-150934,-431231
10.796,280155,-151195,-431350
10.801,280068,-151535,-431603
10.806,280234,-151252,-431486
10.811,280341,-150903,-431244
10.816,280200,-151136,-431336
10.821,280077,-151487,-431564
10.826,280181,-151249,-431430
10.831,280270,-150895,-431165
10.836,280110,-151177,-431287
10.841,280018,-151493,-431511
10.846,280197,-151158,-431355
10.851,280333,-150781,-431114
10.858,280167,-151049,-431216
10.858,280167,-151049,-431216
10.861,280066,-151361,-431427
10.866,280220,-151087,-431307
10.871,280353,-150686,-431039
10.876,280259,-150816,-431075
10.881,280324,-150904,-431228
10.886,280687,-150388,-431075
10.891,280912,-149966,-430878
10.896,280684,-150318,-431002
10.901,280409,-150843,-431252
10.906,280481,-150686,-431167
10.911,280613,-150384,-430997
10.916,280489,-150738,-431227
10.921,280370,-151178,-431548
10.926,280523,-150944,-431467
10.931,280585,-150632,-431217
10.936,280312,-151056,-431368
10.941,280097,-151563,-431660
10.946,280222,-151320,-431542
10.951,280315,-150959,-431274
10.956,280170,-151215,-431385
10.961,280098,-151540,-431638
10.966,280241,-151264,-431505
10.971,280333,-150911,-431244
10.976,280171,-151183,-431354
10.981,280071,-151528,-431599
10.986,280242,-151221,-431463
10.991,280342,-150853,-431195
10.996,280193,-151155,-431348
11.001,280130,-151597,-431727
11.008,280472,-151386,-431858
11.009,280472,-151386,-431858
11.013,280951,-150684,-431635
11.013,280951,-150684,-431635
11.018,281161,-149858,-431019
11.018,281161,-149858,-431019
11.021,281083,-148611,-429694
11.026,280601,-146086,-426687
11.031,279492,-142972,-422464
11.036,278009,-141292,-419301
11.041,276676,-142153,-418829
11.046,275939,-144487,-420426
11.051,275378,-146929,-422307
11.056,275386,-149419,-424805
11.061,276803,-150838,-427641
11.066,278396,-150977,-429373
11.071,279388,-150825,-430213
11.076,279844,-151167,-431011
11.081,280124,-151527,-431651
11.086,280480,-151229,-431709
11.091,280694,-150900,-431594
11.096,280615,-151203,-431818
11.101,280610,-151496,-432106
11.106,280861,-151131,-431992
11.111,281042,-150744,-431786
11.116,280944,-150986,-431930
11.121,280863,-151312,-432175
11.126,281009,-151062,-432071
11.131,281141,-150718,-431859
11.136,281028,-150951,-431979
11.141,280963,-151260,-432223
11.146,281171,-150947,-432118
11.151,281339,-150540,-431879
11.156,281247,-150735,-431982
11.161,281190,-151051,-432241
11.166,281447,-150734,-432181
11.171,281638,-150339,-431977
11.176,281572,-150560,-432132
11.181,281582,-150836,-432418
11.186,281816,-150514,-432330
11.192,282001,-150111,-432112
11.196,281963,-150295,-432258
11.203,281979,-150574,-432553
11.203,281979,-150574,-432553
11.206,282275,-150222,-432497
11.213,282560,-149768,-432328
11.213,282560,-149768,-432328
11.216,282602,-149934,-432536
11.221,282684,-150162,-432846
11.226,282998,-149784,-432782
11.231,283245,-149329,-432574
11.236,283249,-149465,-432714
11.241,283311,-149627,-432938
11.246,283579,-149178,-432757
11.251,283793,-148695,-432488
11.256,283717,-148838,-432555
11.261,283583,-149131,-432714
11.266,283684,-148862,-432546
11.271,283725,-148472,-432197
11.276,283496,-148687,-432183
11.281,283277,-149063,-432340
11.286,283295,-148850,-432145
11.292,283248,-148584,-431832
11.296,282910,-149004,-431914
11.301,282589,-149544,-432133
11.306,282532,-149457,-431989
11.311,282378,-149328,-431706
11.316,282012,-149764,-431776
11.321,281682,-150286,-431968
11.326,281610,-150172,-431782
11.331,281537,-149981,-431518
11.336,281251,-150418,-431669
11.341,281062,-150877,-431939
11.346,281133,-150687,-431820
11.351,281130,-150464,-431594
11.356,280908,-150847,-431755
11.361,280770,-151251,-432021
11.368,280920,-150974,-431894
11.368,280920,-150974,-431894
11.371,281044,-150609,-431653
11.376,280884,-150888,-431772
11.381,280746,-151243,-431989
11.386,280907,-150935,-431842
11.391,281056,-150569,-431625
11.396,280946,-150827,-431773
11.401,280880,-151162,-432042
11.406,281025,-150898,-431923
11.411,281116,-150557,-431673
11.416,280960,-150843,-431803
11.421,280819,-151174,-431993
11.426,280974,-150859,-431833
11.431,281067,-150537,-431604
11.436,280886,-150882,-431768
11.441,280782,-151274,-432056
11.446,280946,-150975,-431921
11.451,281039,-150620,-431659
11.456,280885,-150879,-431764
11.461,280751,-151251,-432002
11.466,280891,-150958,-431849
11.471,281017,-150580,-431597
11.476,280858,-150876,-431734
11.481,280723,-151264,-431987
11.486,280849,-151031,-431880
11.491,280935,-150708,-431643
11.496,280790,-150954,-431744
11.501,280682,-151320,-432002
11.506,280832,-151058,-431890
11.511,280884,-150718,-431602
11.516,280687,-151038,-431725
11.521,280551,-151432,-431983
11.526,280694,-151184,-431878
11.531,280842,-150813,-431655
11.536,280662,-151132,-431794
11.541,280517,-151542,-432059
11.546,280609,-151352,-431961
11.551,280673,-151046,-431719
11.556,280511,-151330,-431841
11.561,280365,-151718,-432083
11.566,280505,-151470,-431975
11.573,280632,-151108,-431740
11.573,280632,-151108,-431740
11.576,280530,-151339,-431869
11.581,280445,-151707,-432152
11.586,280570,-151467,-432037
11.593,280671,-151140,-431811
11.593,280671,-151140,-431811
11.596,280549,-151427,-431976
11.601,280450,-151786,-432236
11.606,280589,-151509,-432098
11.611,280694,-151123,-431817
11.616,280540,-151410,-431950
11.621,280451,-151784,-432235
11.626,280607,-151501,-432108
11.631,280712,-151179,-431891
11.636,280587,-151445,-432032
11.641,280473,-151768,-432241
11.646,280591,-151495,-432086
11.651,280708,-151156,-431864
11.656,280573,-151462,-432035
11.661,280456,-151819,-432275
11.666,280603,-151521,-432124
11.671,280716,-151178,-431894
11.676,280559,-151491,-432050
11.681,280455,-151829,-432284
11.686,280606,-151528,-432134
11.691,280717,-151148,-431865
11.696,280528,-151475,-432003
11.703,280371,-151893,-432264
11.703,280371,-151893,-432264
11.706,280524,-151628,-432152
11.711,280643,-151289,-431932
11.717,280517,-151563,-432080
11.721,280447,-151912,-432359
11.726,280592,-151648,-432240
11.731,280680,-151305,-431985
11.736,280524,-151584,-432108
11.741,280435,-151921,-432356
11.746,280598,-151630,-432228
11.751,280669,-151299,-431968
11.756,280529,-151562,-432091
11.761,280421,-151916,-432337
11.766,280542,-151698,-432240
11.771,280644,-151347,-431991
11.776,280557,-151575,-432132
11.781,280445,-151923,-432368
11.786,280538,-151657,-432195
11.791,280639,-151256,-431895
11.796,280540,-151491,-432031
11.801,280436,-151863,-432299
11.806,280638,-151440,-432078
11.811,280916,-150770,-431686
11.816,280965,-150842,-431807
11.821,280940,-151123,-432063
11.826,280975,-150919,-431894
11.831,280910,-150780,-431690
11.836,280687,-151213,-431900
11.841,280586,-151626,-432212
11.846,280734,-151450,-432184
11.851,280823,-151149,-431972
11.856,280673,-151474,-432147
11.861,280510,-151930,-432440
11.866,280559,-151790,-432349
11.871,280576,-151558,-432134
11.876,280409,-151886,-432295
11.881,280308,-152249,-432557
11.886,280422,-151988,-432410
11.891,280482,-151682,-432164
11.896,280319,-151973,-432292
11.901,280214,-152277,-432491
11.906,280362,-151975,-432337
11.913,280420,-151698,-432118
11.913,280420,-151698,-432118
11.918,280213,-152056,-432269
11.918,280213,-152056,-432269
11.921,280131,-152364,-432495
11.926,280332,-152063,-432395
11.931,280493,-151862,-432355
11.936,280549,-152148,-432697
11.941,280758,-152025,-432783
11.948,281243,-150610,-431853
11.948,281243,-150610,-431853
11.951,281444,-148546,-429990
11.956,280797,-146487,-427284
11.961,279570,-144074,-423644
11.966,278451,-141944,-420395
11.971,277196,-142401,-419597
11.976,275943,-145494,-421437
11.981,275028,-149030,-424058
11.986,275307,-151381,-426688
11.991,276892,-151970,-428862
11.996,278197,-152267,-430464
12.001,278990,-152629,-431619
12.006,279708,-152346,-432054
12.011,280215,-151935,-432150
12.016,280258,-152209,-432467
12.021,280257,-152565,-432822
12.026,280493,-152234,-432727
12.031,280678,-151861,-432539
12.036,280604,-152160,-432764
12.041,280522,-152552,-433074
12.046,280712,-152222,-432934
12.051,280842,-151843,-432685
12.056,280745,-152106,-432851
12.063,280690,-152422,-433112
12.063,280690,-152422,-433112
12.066,280832,-152185,-433017
12.071,280899,-151889,-432788
12.076,280779,-152127,-432906
12.081,280749,-152388,-433137
12.088,280951,-152066,-433017
12.088,280951,-152066,-433017
12.091,281092,-151684,-432776
12.096,280983,-151920,-432903
12.101,280952,-152209,-433161
12.106,281186,-151845,-433031
12.111,281397,-151392,-432789
12.116,281325,-151599,-432924
12.121,281270,-151893,-433163
12.126,281508,-151565,-433073
12.131,281761,-151130,-432891
12.136,281754,-151289,-433043
12.141,281762,-151568,-433330
12.146,282040,-151200,-433240
12.151,282292,-150727,-433019
12.156,282311,-150903,-433214
12.161,282341,-151186,-433527
12.166,282641,-150760,-433401
12.171,282876,-150187,-433063
12.176,282843,-150266,-433109
12.181,282790,-150513,-433303
12.186,282900,-150202,-433102
12.191,283023,-149750,-432773
12.196,282869,-149963,-432832
12.201,282684,-150273,-432957
12.206,282771,-149980,-432751
12.211,282835,-149594,-432429
12.216,282624,-149858,-432482
12.221,282387,-150274,-432661
12.226,282336,-150162,-432498
12.231,282153,-150079,-432232
12.236,281728,-150618,-432346
12.241,281411,-151165,-432576
12.246,281401,-151028,-432429
12.251,281317,-150854,-432171
12.256,281015,-151299,-432314
12.261,280762,-151823,-432585
12.266,280788,-151685,-432473
12.271,280793,-151434,-432227
12.276,280587,-151781,-432368
12.281,280408,-152247,-432655
12.286,280468,-152074,-432542
12.291,280530,-151746,-432276
12.296,280322,-152052,-432374
12.301,280156,-152434,-432590
12.306,280268,-152210,-432478
12.311,280359,-151883,-432242
12.316,280247,-152106,-432353
12.321,280188,-152410,-432598
12.326,280408,-152030,-432438
12.331,280521,-151633,-432154
